{
    "mse": 0.7704645647862175,
    "rmse": 0.8777611091784697,
    "r2_score": 0.23021008494380601
}